seed_x,seed_y
0.000944073,0.571363
0.256809,0.447674
0.654139,0.96697
0.628985,0.716352
0.0420589,0.227523
0.761006,0.536377
0.453647,0.00179944
0.860589,0.491927
0.818624,0.793551
0.500893,0.597677
0.478297,0.894135
0.778903,0.425947
0.86444,0.384391
0.917943,0.0354682
0.0874718,0.349098
0.322231,0.415072
0.955183,0.625502
0.60805,0.17095
0.943939,0.859458
0.881107,0.932456